<?xml version="1.0"?>
<TecSpec xmlns:xsd="http://www.w3.org/2001/XMLSchema" xmlns:xsi="http://www.w3.org/2001/XMLSchema-instance">
  <Name>2-Stage Example</Name>
  <BasePlate>
    <Xmm>40</Xmm>
    <Ymm>40</Ymm>
    <thickness_mm>1</thickness_mm>
    <material>Alumina10</material>
  </BasePlate>
  <Stages>
    <Stage>
      <TopPlate>
        <Xmm>40</Xmm>
        <Ymm>40</Ymm>
        <thickness_mm>1</thickness_mm>
        <material>Alumina10</material>
      </TopPlate>
      <Couples>
        <N>199</N>
        <GeometryFactorCM>0.122</GeometryFactorCM>
        <Height_mm>3.86</Height_mm>
      </Couples>
    </Stage>
    <Stage>
      <TopPlate>
        <Xmm>30</Xmm>
        <Ymm>30</Ymm>
        <thickness_mm>1</thickness_mm>
        <material>Alumina10</material>
      </TopPlate>
      <Couples>
        <N>125</N>
        <GeometryFactorCM>0.122</GeometryFactorCM>
        <Height_mm>3.86</Height_mm>
      </Couples>
    </Stage>
  </Stages>
  <useEpoxy>false</useEpoxy>
  <SubmodelName>TEC</SubmodelName>
  <LayerName>TEC</LayerName>
</TecSpec>